,Date,target,Volume,Volume_in_past1,Volume_in_past2,price_in_past1,price_in_past2,delta_target,delta_price_in_past,delta_volume_in_past,sp500,sp500_in_past1,sp500_in_past2,delta_sp500_in_past
0,2024-03-28,89.97043098866838,435212000,586067000.0,513648000.0,93.08141149546424,95.8195062336972,-0.033422145805636495,-0.028575546314702712,0.14098954926330873,516.6345318569229,515.1533580296681,514.679364426303,0.0009209493057749612
1,2024-04-01,90.26933865065378,452441000,435212000.0,586067000.0,89.97043098866838,93.08141149546424,0.0033222877638881486,-0.033422145805636495,-0.25740231065731395,517.2467729199333,516.6345318569229,515.1533580296681,0.0028752094966825216
2,2024-04-02,88.41893947358703,433064000,452441000.0,435212000.0,90.26933865065378,89.97043098866838,-0.02049864555037755,0.0033222877638881486,0.039587603282997715,511.72696240109013,517.2467729199333,516.6345318569229,0.0011850564088502621
3,2024-04-03,88.45493823513225,370067000,433064000.0,452441000.0,88.41893947358703,90.26933865065378,0.00040713858093682824,-0.02049864555037755,-0.04282768360957561,511.21349992961393,511.72696240109013,517.2467729199333,-0.01067152239091413
4,2024-04-04,90.37629845117095,434965000,370067000.0,433064000.0,88.45493823513225,88.41893947358703,0.021721344838106362,0.00040713858093682824,-0.145468106330704,516.940660005626,511.21349992961393,511.72696240109013,-0.0010033914747563217
5,2024-04-05,86.83745712010142,399678000,434965000.0,370067000.0,90.37629845117095,88.45493823513225,-0.03915674122216369,0.021721344838106362,0.17536824412876587,507.99450352753723,516.940660005626,511.21349992961393,0.011203068926780316
6,2024-04-08,88.67085666122206,283220000,399678000.0,434965000.0,86.83745712010142,90.37629845117095,0.021113003557726707,-0.03915674122216369,-0.08112606761463566,512.6256378064048,507.99450352753723,516.940660005626,-0.017305964050093107
7,2024-04-09,87.41326961083752,503547000,283220000.0,399678000.0,88.67085666122206,86.83745712010142,-0.014182642389362607,0.021113003557726707,-0.2913795605462397,513.9585589840982,512.6256378064048,507.99450352753723,0.009116504699772895
8,2024-04-10,83.89843024698811,431929000,503547000.0,283220000.0,87.41326961083752,88.67085666122206,-0.04020944851390885,-0.014182642389362607,0.7779358802344467,507.02678122640623,513.9585589840982,512.6256378064048,0.002600184382890272
9,2024-04-11,87.39128560717941,431637000,431929000.0,503547000.0,83.89843024698811,87.41326961083752,0.04163195127618839,-0.04020944851390885,-0.14222704136853165,509.1991398026987,507.02678122640623,513.9585589840982,-0.013487036331087627
10,2024-04-12,89.66953167082109,426805000,431637000.0,431929000.0,87.39128560717941,83.89843024698811,0.026069487910754693,0.04163195127618839,-0.0006760370338643619,507.9056219639592,509.1991398026987,507.02678122640623,0.004284504599614912
11,2024-04-15,89.06873054875433,443077000,426805000.0,431637000.0,89.66953167082109,87.39128560717941,-0.00670017017901142,0.026069487910754693,-0.011194591751865572,508.65606141807774,507.9056219639592,509.1991398026987,-0.0025402985543940514
12,2024-04-16,86.40460421758179,370453000,443077000.0,426805000.0,89.06873054875433,89.66953167082109,-0.02991090492430734,-0.00670017017901142,0.03812513911505254,498.59412658447235,508.65606141807774,507.9056219639592,0.0014775175183466892
13,2024-04-17,88.3109710984958,495400000,370453000.0,443077000.0,86.40460421758179,89.06873054875433,0.022063255750971837,-0.02991090492430734,-0.1639083048770304,499.6901864139846,498.59412658447235,508.65606141807774,-0.019781411442446616
14,2024-04-18,84.94209387359811,447260000,495400000.0,370453000.0,88.3109710984958,86.40460421758179,-0.0381478901544439,0.022063255750971837,0.3372816524633354,495.6713540683197,499.6901864139846,498.59412658447235,0.002198300724119205
15,2024-04-19,83.12269469975273,875198000,447260000.0,495400000.0,84.94209387359811,88.3109710984958,-0.021419288021705958,-0.0381478901544439,-0.09717400080742834,493.16325180181735,495.6713540683197,499.6901864139846,-0.008042648134649036
16,2024-04-22,78.07834524781059,596341000,875198000.0,447260000.0,83.12269469975273,84.94209387359811,-0.06068558617069407,-0.021419288021705958,0.9567991772123597,491.5734964560846,493.16325180181735,495.6713540683197,-0.005060010520915969
17,2024-04-23,80.74247130165297,438559000,596341000.0,875198000.0,78.07834524781059,83.12269469975273,0.03412119000968564,-0.06068558617069407,-0.31862161476603007,495.473837893942,491.5734964560846,493.16325180181735,-0.0032235884160557557
18,2024-04-24,83.92241667959377,512208000,438559000.0,596341000.0,80.74247130165297,78.07834524781059,0.03938380045441706,0.03412119000968564,-0.2645835184902598,500.1937688055625,495.473837893942,491.5734964560846,0.007934401398725165
19,2024-04-25,78.84209462361733,424641000,512208000.0,438559000.0,83.92241667959377,80.74247130165297,-0.06053593612982488,0.03938380045441706,0.1679340750047314,492.9065220761964,500.1937688055625,495.473837893942,0.009526095124786037
20,2024-04-26,83.79047109382074,551011000,424641000.0,512208000.0,78.84209462361733,83.92241667959377,0.06276312791823159,-0.06053593612982488,-0.17095984443819698,499.98643689086055,492.9065220761964,500.1937688055625,-0.014568847482382095
21,2024-04-29,87.56622296271497,388971000,551011000.0,424641000.0,83.79047109382074,78.84209462361733,0.04506182886436452,0.06276312791823159,0.29759255465204726,503.679432560198,499.98643689086055,492.9065220761964,0.014363605465885294
22,2024-04-30,87.21134125053536,363709000,388971000.0,551011000.0,87.56622296271497,83.79047109382074,-0.004052723757775015,0.04506182886436452,-0.29407761369555235,502.16864851695937,503.679432560198,499.98643689086055,0.007386191698123152
23,2024-05-01,85.04905184528752,559863000,363709000.0,388971000.0,87.21134125053536,87.56622296271497,-0.02479367217889863,-0.004052723757775015,-0.06494571574744647,495.0788828236565,502.16864851695937,503.679432560198,-0.0029994952058282945
24,2024-05-02,84.42125626969049,377898000,559863000.0,363709000.0,85.04905184528752,87.21134125053536,-0.007381570540481215,-0.02479367217889863,0.539315771674608,497.81403806563185,495.0788828236565,502.16864851695937,-0.014118296142622349
25,2024-05-03,87.76016278941914,398341000,377898000.0,559863000.0,84.42125626969049,85.04905184528752,0.03955054292324492,-0.007381570540481215,-0.3250170130907025,504.73600883419834,497.81403806563185,495.0788828236565,0.005524685735686269
26,2024-05-06,89.36063689142837,376203000,398341000.0,377898000.0,87.76016278941914,84.42125626969049,0.018236908993088056,0.03955054292324492,0.05409660807942884,507.2934057556446,504.73600883419834,497.81403806563185,0.013904731966706618
27,2024-05-07,91.06807385977748,437342000,376203000.0,398341000.0,89.36063689142837,87.76016278941914,0.01910726050916155,0.018236908993088056,-0.05557549938369387,511.0554822979131,507.2934057556446,504.73600883419834,0.005066801014164069
28,2024-05-08,89.45360566200054,325721000,437342000.0,376203000.0,91.06807385977748,89.36063689142837,-0.0177281469712737,0.01910726050916155,0.16251598206287562,508.7844481717399,511.0554822979131,507.2934057556446,0.007415977616867843
29,2024-05-09,90.4992620554592,378013000,325721000.0,437342000.0,89.45360566200054,91.06807385977748,0.011689371107182175,-0.0177281469712737,-0.2552258872918677,510.87783646053344,508.7844481717399,511.0554822979131,-0.0044438112980644045
30,2024-05-10,90.2753342742342,335325000,378013000.0,325721000.0,90.4992620554592,89.45360566200054,-0.0024743603001732197,0.011689371107182175,0.1605423046103874,515.2521531600112,510.87783646053344,508.7844481717399,0.004114489537398243
31,2024-05-13,90.44828491109924,289680000,335325000.0,378013000.0,90.2753342742342,90.4992620554592,0.0019158127550063422,-0.0024743603001732197,-0.11292733318695389,515.9926297171974,515.2521531600112,510.87783646053344,0.008562353633862638
32,2024-05-14,89.56956971282393,296507000,289680000.0,335325000.0,90.44828491109924,90.2753342742342,-0.009715111780604602,0.0019158127550063422,-0.1361216730038023,514.5609091971558,515.9926297171974,515.2521531600112,0.0014371149206167993
33,2024-05-15,92.44161932872312,417735000,296507000.0,289680000.0,89.56956971282393,90.44828491109924,0.032065015217863514,-0.009715111780604602,0.023567384700359018,519.2215783394845,514.5609091971558,515.9926297171974,-0.0027746918029164457
34,2024-05-16,94.87882442022669,323952000,417735000.0,296507000.0,92.44161932872312,89.56956971282393,0.026364803096285572,0.032065015217863514,0.40885375387427614,523.2207624728927,519.2215783394845,514.5609091971558,0.009057565506871786
35,2024-05-17,94.33800216120143,359691000,323952000.0,417735000.0,94.87882442022669,92.44161932872312,-0.005700136593492269,0.026364803096285572,-0.2245035728392402,522.1641713217606,523.2207624728927,519.2215783394845,0.007702268742755179
36,2024-05-20,93.71920279909754,318764000,359691000.0,323952000.0,94.33800216120143,94.87882442022669,-0.006559385909471596,-0.005700136593492269,0.11032189954067269,522.9146052465884,522.1641713217606,523.2207624728927,-0.0020193983628217834
37,2024-05-21,93.56825212335475,328946000,318764000.0,359691000.0,93.71920279909754,94.33800216120143,-0.0016106696518362294,-0.006559385909471596,-0.1137837755184311,522.6282518632279,522.9146052465884,522.1641713217606,0.001437160889319963
38,2024-05-22,95.42765114316352,548648000,328946000.0,318764000.0,93.56825212335475,93.71920279909754,0.019872114500519285,-0.0016106696518362294,0.031942126463465136,523.9810886138737,522.6282518632279,522.9146052465884,-0.000547610222562959
39,2024-05-23,101.99448585081109,835065000,548648000.0,328946000.0,95.42765114316352,93.56825212335475,0.06881479978791266,0.019872114500519285,0.6678968584509312,526.2620025028626,523.9810886138737,522.6282518632279,0.002588525870583496
40,2024-05-24,104.41468788795488,429494000,835065000.0,548648000.0,101.99448585081109,95.42765114316352,0.023728753735607455,0.06881479978791266,0.5220414546302912,521.2161498690128,526.2620025028626,523.9810886138737,0.004353046204439974
41,2024-05-28,110.20778262251307,652728000,429494000.0,835065000.0,104.41468788795488,101.99448585081109,0.05548160753757771,0.023728753735607455,-0.48567596534401514,523.6058519754333,521.2161498690128,526.2620025028626,-0.009588099862524927
42,2024-05-29,113.01286640628571,557442000,652728000.0,429494000.0,110.20778262251307,104.41468788795488,0.025452683259046233,0.05548160753757771,0.5197604623114642,519.0734544486314,523.6058519754333,521.2161498690128,0.004584858138070058
43,2024-05-30,114.612337538274,487350000,557442000.0,652728000.0,113.01286640628571,110.20778262251307,0.014153000298551259,0.025452683259046233,-0.14598117439423466,517.9280829339874,519.0734544486314,523.6058519754333,-0.008656124658848453
44,2024-05-31,112.48303762096089,613263000,487350000.0,557442000.0,114.612337538274,113.01286640628571,-0.018578278421396425,0.014153000298551259,-0.12573864186767414,517.0098457954774,517.9280829339874,519.0734544486314,-0.0022065692337525614
45,2024-06-03,113.58367447543728,438392000,613263000.0,487350000.0,112.48303762096089,114.612337538274,0.009784914043531228,-0.018578278421396425,0.2583625730994152,522.3715079503993,517.0098457954774,517.9280829339874,-0.0017729047116123034
46,2024-06-04,115.67800167050594,403324000,438392000.0,613263000.0,113.58367447543728,112.48303762096089,0.018438628656282475,0.009784914043531228,-0.2851484599592671,519.8437132727871,522.3715079503993,517.0098457954774,0.010370522338259065
47,2024-06-05,118.33210934086958,528402000,403324000.0,438392000.0,115.67800167050594,113.58367447543728,0.022943927384945075,0.018438628656282475,-0.07999233562656252,524.099489436186,519.8437132727871,522.3715079503993,-0.004839074565016665
48,2024-06-06,124.00724541916884,664696000,528402000.0,403324000.0,118.33210934086958,115.67800167050594,0.0479593925090219,0.022943927384945075,0.3101179200841011,528.2566594841754,524.099489436186,519.8437132727871,0.008186645437348332
49,2024-06-07,119.7306529022316,412386000,664696000.0,528402000.0,124.00724541916884,118.33210934086958,-0.03448663424851927,0.0479593925090219,0.25793619252008887,526.9531296011007,528.2566594841754,524.099489436186,0.00793202460941457
50,2024-06-10,120.33046067723372,314162700,412386000.0,664696000.0,119.7306529022316,124.00724541916884,0.005009642564063392,-0.03448663424851927,-0.37958705934743103,526.4792263610262,526.9531296011007,528.2566594841754,-0.0024676070990710362
51,2024-06-11,121.73999195116299,222551200,314162700.0,412386000.0,120.33046067723372,119.7306529022316,0.011713835931453021,0.005009642564063392,-0.238182916005878,527.3580331066662,526.4792263610262,526.9531296011007,-0.0008993271193459515
52,2024-06-12,123.02967165119686,299595000,222551200.0,314162700.0,121.73999195116299,120.33046067723372,0.010593722566954317,0.011713835931453021,-0.2916052733185703,534.823022521598,527.3580331066662,526.4792263610262,0.0016692144754014147
53,2024-06-13,129.3581169536998,260704500,299595000.0,222551200.0,123.02967165119686,121.73999195116299,0.051438366188969485,0.010593722566954317,0.346184608305864,536.323966242378,534.823022521598,527.3580331066662,0.014155448379074698
54,2024-06-14,129.92799370452428,309320400,260704500.0,299595000.0,129.3581169536998,123.02967165119686,0.0044054193447207405,0.051438366188969485,-0.1298102438291694,534.0825332092376,536.323966242378,534.823022521598,0.002806430646353489
55,2024-06-17,132.9572533982128,288504400,309320400.0,260704500.0,129.92799370452428,129.3581169536998,0.02331491164696583,0.0044054193447207405,0.18647894455216538,535.2673734870664,534.0825332092376,536.323966242378,-0.0041792520458193835
56,2024-06-18,131.10769173939232,294335100,288504400.0,309320400.0,132.9572533982128,129.92799370452428,-0.013910949658992719,0.02331491164696583,-0.06729591711377587,540.2835606431654,535.2673734870664,534.0825332092376,0.002218459140966939
57,2024-06-20,139.765553796689,517768400,294335100.0,288504400.0,131.10769173939232,132.9572533982128,0.06603626333767083,-0.013910949658992719,0.020210090383370235,542.5348869014116,540.2835606431654,535.2673734870664,0.009371367291491059
58,2024-06-21,127.08867825178737,655484700,517768400.0,294335100.0,139.765553796689,131.10769173939232,-0.09070100035765712,0.06603626333767083,0.7591119781500745,539.2925357741935,542.5348869014116,540.2835606431654,0.004166934591839453
59,2024-06-24,123.2096275256971,476060900,655484700.0,517768400.0,127.08867825178737,139.765553796689,-0.030522394122355388,-0.09070100035765712,0.26598050402457935,539.2230582828091,539.2925357741935,542.5348869014116,-0.005976299783662118
60,2024-06-25,121.1701275508724,425787500,476060900.0,655484700.0,123.2096275256971,127.08867825178737,-0.01655308936308034,-0.030522394122355388,-0.2737269077371295,538.886299065316,539.2230582828091,539.2925357741935,-0.00012883080475919906
61,2024-06-26,126.09892820330649,362975900,425787500.0,476060900.0,121.1701275508724,123.2096275256971,0.04067669773116951,-0.01655308936308034,-0.1056028755984791,538.5890968132603,538.886299065316,539.2230582828091,-0.000624526737720563
62,2024-06-27,124.06942327696439,252571700,362975900.0,425787500.0,126.09892820330649,121.1701275508724,-0.016094545411757772,0.04067669773116951,-0.1475186566068755,540.2533395091051,538.5890968132603,538.886299065316,-0.0005515119842000616
63,2024-06-28,124.54930428199576,315516700,252571700.0,362975900.0,124.06942327696439,126.09892820330649,0.0038678426348458046,-0.016094545411757772,-0.30416399546085565,542.0265552795133,540.2533395091051,538.5890968132603,0.003090004431377893
64,2024-07-01,123.4395813225982,284885500,315516700.0,252571700.0,124.54930428199576,124.06942327696439,-0.008909908937628441,0.0038678426348458046,0.2492163611362635,540.5108902585941,542.0265552795133,540.2533395091051,0.0032821930763434802
65,2024-07-02,121.10014907077634,218374000,284885500.0,315516700.0,123.4395813225982,124.54930428199576,-0.01895204298941979,-0.008909908937628441,-0.09708265838226629,538.599012790672,540.5108902585941,542.0265552795133,-0.0027962929235774907
66,2024-07-03,121.63003350315482,215749000,218374000.0,284885500.0,121.10014907077634,123.4395813225982,0.004375588605335179,-0.01895204298941979,-0.23346748079491586,543.5421627913393,538.599012790672,540.5108902585941,-0.003537167339972541
67,2024-07-05,127.34860945857926,214176700,215749000.0,218374000.0,121.63003350315482,121.10014907077634,0.047016150458234596,0.004375588605335179,-0.012020661800397483,546.593332444134,543.5421627913393,538.599012790672,0.009177792538191036
68,2024-07-08,127.4585719244731,237677300,214176700.0,215749000.0,127.34860945857926,121.63003350315482,0.0008634759842400137,0.047016150458234596,-0.007287635168645046,550.2288458063081,546.593332444134,543.5421627913393,0.005613492129342133
69,2024-07-09,130.3178959397844,285366600,237677300.0,214176700.0,127.4585719244731,127.34860945857926,0.022433359892072298,0.0008634759842400137,0.10972528757796716,551.0412210519627,550.2288458063081,546.593332444134,0.006651221568908572
70,2024-07-10,133.99698191654937,248978600,285366600.0,237677300.0,130.3178959397844,127.4585719244731,0.028231625059884063,0.022433359892072298,0.20064726416868586,551.843584377519,551.0412210519627,550.2288458063081,0.0014764315826883785
71,2024-07-11,135.71655549549055,374782700,248978600.0,285366600.0,133.99698191654937,130.3178959397844,0.012832927684983949,0.028231625059884063,-0.12751317077751917,556.1725813645302,551.843584377519,551.0412210519627,0.001456085851480626
72,2024-07-12,128.22839089146464,252680500,374782700.0,248978600.0,135.71655549549055,133.99698191654937,-0.05517502692790284,0.012832927684983949,0.5052807751348911,552.3983011311424,556.1725813645302,551.843584377519,0.007844608707183292
73,2024-07-15,130.52782847793975,208326200,252680500.0,374782700.0,128.22839089146464,135.71655549549055,0.01793235936666633,-0.05517502692790284,-0.325794653808727,556.7570277181121,552.3983011311424,556.1725813645302,-0.006786167387338421
74,2024-07-16,128.40835436238444,214769500,208326200.0,252680500.0,130.52782847793975,128.22839089146464,-0.016237718349183403,0.01793235936666633,-0.1755351125235228,557.589165634412,556.7570277181121,552.3983011311424,0.007890550311332243
75,2024-07-17,121.32009486519661,390086200,214769500.0,208326200.0,128.40835436238444,130.52782847793975,-0.0552009215629684,-0.016237718349183403,0.03092889900550195,553.5573788940302,557.589165634412,556.7570277181121,0.0014946159183843928
76,2024-07-18,121.81997263511246,320979500,390086200.0,214769500.0,121.32009486519661,128.40835436238444,0.004120321291137206,-0.0552009215629684,0.8163016629456231,553.2700660994436,553.5573788940302,557.589165634412,-0.007230747993093655
77,2024-07-19,120.32034955926778,217223800,320979500.0,390086200.0,121.81997263511246,121.32009486519661,-0.012310157713928441,0.004120321291137206,-0.17715751031438692,547.2371678865376,553.2700660994436,553.5573788940302,-0.0005190298341982187
78,2024-07-22,120.3203432330864,258068900,217223800.0,320979500.0,120.32034955926778,121.81997263511246,-5.257781747668502e-08,-0.012310157713928441,-0.32324712325865046,547.8117452037362,547.2371678865376,553.2700660994436,-0.010904074849807087
79,2024-07-23,122.74974719191928,173911000,258068900.0,217223800.0,120.3203432330864,120.32034955926778,0.02019113221881856,-5.257781747668502e-08,0.1880323426806823,549.337291558151,547.8117452037362,547.2371678865376,0.0010499603296641883
80,2024-07-24,119.1406333610656,327776900,173911000.0,258068900.0,122.74974719191928,120.3203432330864,-0.029402209889775464,0.02019113221881856,-0.32610632276884194,543.7105808194543,549.337291558151,547.8117452037362,0.002784800376719651
81,2024-07-25,113.01214947730902,460067000,327776900.0,173911000.0,119.1406333610656,122.74974719191928,-0.051439074234091844,-0.029402209889775464,0.8847393206870181,536.2710007218393,543.7105808194543,549.337291558151,-0.010242724870792957
82,2024-07-26,116.16136853298354,293399100,460067000.0,327776900.0,113.01214947730902,119.1406333610656,0.02786619907894799,-0.051439074234091844,0.4035979960759895,537.192383905728,536.2710007218393,543.7105808194543,-0.013682978334544172
83,2024-07-29,113.66198865142056,248152100,293399100.0,460067000.0,116.16136853298354,113.01214947730902,-0.021516446587432368,0.02786619907894799,-0.36226875650720436,540.8972361512061,537.192383905728,536.2710007218393,0.0017181297937954232
84,2024-07-30,111.49251876218644,486833300,248152100.0,293399100.0,113.66198865142056,116.16136853298354,-0.019087030897263893,-0.021516446587432368,-0.15421656030983052,541.1350205544782,540.8972361512061,537.192383905728,0.006896695404617494
85,2024-07-31,112.87218513169266,473174200,486833300.0,248152100.0,111.49251876218644,113.66198865142056,0.012374519697138188,-0.019087030897263893,0.9618342943702672,543.8294859958498,541.1350205544782,540.8972361512061,0.0004396110524875349
86,2024-08-01,117.50104810323892,523462300,473174200.0,486833300.0,112.87218513169266,111.49251876218644,0.04100977549203613,0.012374519697138188,-0.02805703718295359,547.3857715555625,543.8294859958498,541.1350205544782,0.004979284908618133
87,2024-08-02,103.73443129488524,482027500,523462300.0,473174200.0,117.50104810323892,112.87218513169266,-0.11716165115614997,0.04100977549203613,0.10627819521858968,530.7235665615322,547.3857715555625,543.8294859958498,0.006539339354136905
88,2024-08-05,92.0373150047539,552842400,482027500.0,523462300.0,103.73443129488524,117.50104810323892,-0.11276021031898283,-0.11716165115614997,-0.07915527058968716,506.83986271705425,530.7235665615322,547.3857715555625,-0.03043960194047369
89,2024-08-06,103.8144091952266,409012100,552842400.0,482027500.0,92.0373150047539,103.73443129488524,0.1279599930730746,-0.11276021031898283,0.14691049784503996,514.3485960195756,506.83986271705425,530.7235665615322,-0.045002154321535724
90,2024-08-07,107.78343659639361,411440400,409012100.0,552842400.0,103.8144091952266,92.0373150047539,0.03823195095878374,0.1279599930730746,-0.26016510311075997,523.511906231245,514.3485960195756,506.83986271705425,0.01481480415188474
91,2024-08-08,101.97486813365401,391910000,411440400.0,409012100.0,107.78343659639361,103.8144091952266,-0.0538911046647213,0.03823195095878374,0.005936988172232557,518.9946921355962,523.511906231245,514.3485960195756,0.017815369347913432
92,2024-08-09,105.6139698534446,290844200,391910000.0,411440400.0,101.97486813365401,107.78343659639361,0.035686260609045124,-0.0538911046647213,-0.0474683575069439,524.8393438265869,518.9946921355962,523.511906231245,-0.00862867499646409
93,2024-08-12,106.29380189006847,325559900,290844200.0,391910000.0,105.6139698534446,101.97486813365401,0.006436951830967382,0.035686260609045124,-0.25788012553902684,529.1980901235476,524.8393438265869,518.9946921355962,0.011261486445922321
94,2024-08-13,112.41229629244809,312646700,325559900.0,290844200.0,106.29380189006847,105.6139698534446,0.057562099516465834,0.006436951830967382,0.11936184390130523,531.4963351382646,529.1980901235476,524.8393438265869,0.008304915300711306
95,2024-08-14,118.5007970340635,339246400,312646700.0,325559900.0,112.41229629244809,106.29380189006847,0.054162230845064885,0.057562099516465834,-0.03966459014147627,537.7569791487715,531.4963351382646,529.1980901235476,0.004342882292300982
96,2024-08-15,118.73074633761901,318086700,339246400.0,312646700.0,118.5007970340635,112.41229629244809,0.00194048740017685,0.054162230845064885,0.08507910046707673,544.3445900065761,537.7569791487715,531.4963351382646,0.01177927973647878
97,2024-08-16,121.90995234205361,302589900,318086700.0,339246400.0,118.73074633761901,118.5007970340635,0.026776602543997444,0.00194048740017685,-0.06237265892873145,546.246535635152,544.3445900065761,537.7569791487715,0.012250163388362384
98,2024-08-19,124.2493798220781,318333600,302589900.0,318086700.0,121.90995234205361,118.73074633761901,0.01918979898753912,0.026776602543997444,-0.04871879270651681,549.5255203879397,546.246535635152,544.3445900065761,0.0034940103447209203
99,2024-08-20,128.36835370467122,300087400,318333600.0,302589900.0,124.2493798220781,121.90995234205361,0.0331508607004026,0.01918979898753912,0.052029826507758524,553.9041032003555,549.5255203879397,546.246535635152,0.00600275615290631
100,2024-08-21,127.2886435744744,257883600,300087400.0,318333600.0,128.36835370467122,124.2493798220781,-0.008411030437305716,0.0331508607004026,-0.057317857744202935,554.5182893635274,553.9041032003555,549.5255203879397,0.007967933517127247
101,2024-08-22,129.98797796054023,376189100,257883600.0,300087400.0,127.2886435744744,128.36835370467122,0.02120640388854874,-0.008411030437305716,-0.1406383606909187,557.2820707271261,554.5182893635274,553.9041032003555,0.0011088312211865552
102,2024-08-23,125.82898983127045,323230300,376189100.0,257883600.0,129.98797796054023,127.2886435744744,-0.03199517520406625,0.02120640388854874,0.4587554229892866,554.2804965886761,557.2820707271261,554.5182893635274,0.004984112186400464
103,2024-08-26,129.53808260280766,331964700,323230300.0,376189100.0,125.82898983127045,129.98797796054023,0.02947725143872567,-0.03199517520406625,-0.14077707195663033,557.896216929936,554.2804965886761,557.2820707271261,-0.0053860949348928915
104,2024-08-27,125.01920259136338,303134600,331964700.0,323230300.0,129.53808260280766,125.82898983127045,-0.03488456769350342,0.02947725143872567,0.027022219142202944,554.240856351132,557.896216929936,554.2804965886761,0.006523268207185551
105,2024-08-28,128.0884319398247,448101100,303134600.0,331964700.0,125.01920259136338,129.53808260280766,0.024550063389008815,-0.03488456769350342,-0.08684688462357594,555.944805281924,554.240856351132,557.896216929936,-0.006552044032345635
106,2024-08-29,121.33010304223866,453023300,448101100.0,303134600.0,128.0884319398247,125.01920259136338,-0.052762991905163266,0.024550063389008815,0.47822485456955427,555.0531441896234,555.944805281924,554.240856351132,0.0030743834765448114
107,2024-08-30,119.50054804230363,333751600,453023300.0,448101100.0,121.33010304223866,128.0884319398247,-0.015079151455909537,-0.052762991905163266,0.010984574686382158,555.5089295042542,555.0531441896234,555.944805281924,-0.001603866218065423
108,2024-09-03,115.9814171340765,477155100,333751600.0,453023300.0,119.50054804230363,121.33010304223866,-0.02944865915578358,-0.015079151455909537,-0.26327939423866276,555.2116295150004,555.5089295042542,555.0531441896234,0.0008211561710838733
109,2024-09-04,105.38403194779274,372470300,477155100.0,333751600.0,115.9814171340765,119.50054804230363,-0.0913714062834135,-0.02944865915578358,0.4296713483920377,545.0380423502995,555.2116295150004,555.5089295042542,-0.000535184897062107
110,2024-09-05,104.96413183407385,306850700,372470300.0,477155100.0,105.38403194779274,115.9814171340765,-0.003984475692929458,-0.0913714062834135,-0.21939365208503483,545.7215723262182,545.0380423502995,555.2116295150004,-0.018323800554372185
111,2024-09-06,108.01337995723738,413638100,306850700.0,372470300.0,104.96413183407385,105.38403194779274,0.02905038197223162,-0.003984475692929458,-0.17617404662868422,544.7804197789798,545.7215723262182,545.0380423502995,0.0012540959030513622
112,2024-09-09,104.85415910703641,273912000,413638100.0,306850700.0,108.01337995723738,104.96413183407385,-0.02924842136642429,0.02905038197223162,0.34801093821848866,539.5401323975631,544.7804197789798,545.7215723262182,-0.0017246020589338298
113,2024-09-10,107.78343479415585,268283700,273912000.0,413638100.0,104.85415910703641,108.01337995723738,0.02793666662406021,-0.02924842136642429,-0.3377979446284083,543.2152768632277,539.5401323975631,544.7804197789798,-0.009619081727538416
114,2024-09-11,109.3630438515934,441422400,268283700.0,273912000.0,107.78343479415585,104.85415910703641,0.014655397283026644,0.02793666662406021,-0.020547840182248315,543.5521385747207,543.2152768632277,539.5401323975631,0.0068116239089265375
115,2024-09-12,116.82120128077001,367100500,441422400.0,268283700.0,109.3630438515934,107.78343479415585,0.06819632269285951,0.014655397283026644,0.645356762263231,549.8028664126241,543.5521385747207,543.2152768632277,0.0006201256220889734
116,2024-09-13,119.06084000976254,238358300,367100500.0,441422400.0,116.82120128077001,109.3630438515934,0.01917150914763962,0.06819632269285951,-0.16836911765238918,554.4588342965648,549.8028664126241,543.5521385747207,0.011499775999950524
117,2024-09-16,116.77120810734208,248772300,238358300.0,367100500.0,119.06084000976254,116.82120128077001,-0.01923077228610789,0.01917150914763962,-0.35070014886931505,556.469793106888,554.4588342965648,549.8028664126241,0.008468431447657064
118,2024-09-17,118.15099033708098,231925900,248772300.0,238358300.0,116.77120810734208,119.06084000976254,0.011816116764592698,-0.01923077228610789,0.04369052808314206,559.7981543534722,556.469793106888,554.4588342965648,0.003626885687328843
119,2024-09-18,115.87135202544096,310318900,231925900.0,248772300.0,118.15099033708098,116.77120810734208,-0.01929428018450199,0.011816116764592698,-0.06771815029245619,558.4510079757443,559.7981543534722,556.469793106888,0.005981207403911865
120,2024-09-19,117.3311154741421,293506400,310318900.0,231925900.0,115.87135202544096,118.15099033708098,0.012598139429499626,-0.01929428018450199,0.33800882092081996,565.6527944370424,558.4510079757443,559.7981543534722,-0.002406485922204837
121,2024-09-20,117.041165532472,382462400,293506400.0,310318900.0,117.3311154741421,115.87135202544096,-0.002471210986944058,0.012598139429499626,-0.054178137393500685,564.237952213736,565.6527944370424,558.4510079757443,0.012896004051282635
122,2024-09-23,116.5312567610485,206228500,382462400.0,293506400.0,117.041165532472,117.3311154741421,-0.0043566617702728485,-0.002471210986944058,0.3030802735476978,565.7284114396389,564.237952213736,565.6527944370424,-0.002501255606302692
123,2024-09-24,116.5012492087513,354966800,206228500.0,382462400.0,116.5312567610485,117.041165532472,-0.00025750646763146026,-0.0043566617702728485,-0.46078751793640366,566.8611587218248,565.7284114396389,564.237952213736,0.0026415437317805646
124,2024-09-25,122.00036937142775,284692900,354966800.0,206228500.0,116.5012492087513,116.5312567610485,0.04720224203624562,-0.00025750646763146026,0.7212305767631535,567.5170087741786,566.8611587218248,565.7284114396389,0.0020022810579786833
125,2024-09-26,126.77960826024157,302582900,284692900.0,354966800.0,122.00036937142775,116.5012492087513,0.039173970648101256,0.04720224203624562,-0.19797316256055497,570.7364392510955,567.5170087741786,566.8611587218248,0.0011569853433469116
126,2024-09-27,123.9500642912149,271009200,302582900.0,284692900.0,126.77960826024157,122.00036937142775,-0.02231860476503796,0.039173970648101256,0.06283964229525921,569.7527127715928,570.7364392510955,567.5170087741786,0.005672835222808077
127,2024-09-30,118.29096227592748,226553700,271009200.0,302582900.0,123.9500642912149,126.77960826024157,-0.04565630560700332,-0.02231860476503796,-0.10434727144197507,566.8015219435828,569.7527127715928,570.7364392510955,-0.0017236090283520803
128,2024-10-01,121.75040758040218,302094500,226553700.0,271009200.0,118.29096227592748,123.9500642912149,0.029245220749875532,-0.04565630560700332,-0.16403686664511757,569.7627080586115,566.8015219435828,569.7527127715928,-0.0051797749477203395
129,2024-10-02,116.42127087200362,221845900,302094500.0,226553700.0,121.75040758040218,118.29096227592748,-0.04377099686404977,0.029245220749875532,0.3334344131214807,564.1087352592257,569.7627080586115,566.8015219435828,0.005224379258677125
130,2024-10-03,120.90054847309592,277118000,221845900.0,302094500.0,116.42127087200362,121.75040758040218,0.03847473548039974,-0.04377099686404977,-0.265640718384479,563.7609137739149,564.1087352592257,569.7627080586115,-0.009923381645406223
131,2024-10-04,124.91990339813242,243678100,277118000.0,221845900.0,120.90054847309592,116.42127087200362,0.0332451339203885,0.03847473548039974,0.2491463669150523,568.7193284068038,563.7609137739149,564.1087352592257,-0.000616585887738337
132,2024-10-07,124.96989107230341,346250200,243678100.0,277118000.0,124.91990339813242,120.90054847309592,0.0004001578036101805,0.0332451339203885,-0.12067025599203228,567.6759176917978,568.7193284068038,563.7609137739149,0.00879524371368066
133,2024-10-08,130.23904002332463,285722500,346250200.0,243678100.0,124.96989107230341,124.91990339813242,0.04216334755363328,0.0004001578036101805,0.42093277976149684,566.8015023453726,567.6759176917978,568.7193284068038,-0.001834667230194104
134,2024-10-09,134.08843403580283,246191600,285722500.0,346250200.0,130.23904002332463,124.96989107230341,0.029556375813187877,0.04216334755363328,-0.17480914090446734,569.5241486507804,566.8015023453726,567.6759176917978,-0.0015403425073600133
135,2024-10-10,131.88878735570256,242311300,246191600.0,285722500.0,134.08843403580283,130.23904002332463,-0.016404447526868326,0.029556375813187877,-0.13835417231754588,572.117640001393,569.5241486507804,566.8015023453726,0.004803526973978979
136,2024-10-11,133.98843884138304,170209500,242311300.0,246191600.0,131.88878735570256,134.08843403580283,0.015919863452969252,-0.016404447526868326,-0.015761301360403848,572.3958058807981,572.117640001393,569.5241486507804,0.004553786449190501
137,2024-10-14,136.44805696221857,232347700,170209500.0,242311300.0,133.98843884138304,131.88878735570256,0.018356942898239536,0.015919863452969252,-0.2975585538107385,577.5329709112202,572.3958058807981,572.117640001393,0.00048620399015202525
138,2024-10-15,137.84782283581688,377831000,232347700.0,170209500.0,136.44805696221857,133.98843884138304,0.010258598801343846,0.018356942898239536,0.36506892976008976,580.8816580095407,577.5329709112202,572.3958058807981,0.008974847435363536
139,2024-10-16,133.9584403413635,264879700,377831000.0,232347700.0,137.84782283581688,136.44805696221857,-0.028215044782287247,0.010258598801343846,0.6261447821519215,576.1022278881695,580.8816580095407,577.5329709112202,0.0057982613408841715
140,2024-10-17,139.31759037510415,306435900,264879700.0,377831000.0,133.9584403413635,137.84782283581688,0.04000606471741551,-0.028215044782287247,-0.29894661899103037,582.1932373716321,576.1022278881695,580.8816580095407,-0.008227889545950693
141,2024-10-18,138.64768884107772,176090200,306435900.0,264879700.0,139.31759037510415,133.9584403413635,-0.004808449042384047,0.04000606471741551,0.1568870698660562,580.3649320688628,582.1932373716321,576.1022278881695,0.010572792793720883
142,2024-10-21,138.1077854115753,264554500,176090200.0,306435900.0,138.64768884107772,139.31759037510415,-0.0038940672867708945,-0.004808449042384047,-0.4253604097953275,580.1463096888544,580.3649320688628,582.1932373716321,-0.0031403753692216874
143,2024-10-22,142.88702644418225,226311600,264554500.0,176090200.0,138.1077854115753,138.64768884107772,0.03460515291273649,-0.0038940672867708945,0.502380598125279,577.3640703837991,580.1463096888544,580.3649320688628,-0.0003766981220402456
144,2024-10-23,142.00715584596583,285930000,226311600.0,264554500.0,142.88702644418225,138.1077854115753,-0.006157806066180142,0.03460515291273649,-0.14455584766087895,577.5727623524157,577.3640703837991,580.1463096888544,-0.004795754551205377
145,2024-10-24,140.79735837298583,172354900,285930000.0,226311600.0,142.00715584596583,142.88702644418225,-0.00851927119991234,-0.006157806066180142,0.2634350161458803,576.3009089394529,577.5727623524157,577.3640703837991,0.00036145645238685575
146,2024-10-25,140.90732467853542,205122100,172354900.0,285930000.0,140.79735837298583,142.00715584596583,0.0007810253460741756,-0.00851927119991234,-0.3972129542195642,577.8212456055562,576.3009089394529,577.5727623524157,-0.0022020661219939917
147,2024-10-28,142.976987375231,173586700,205122100.0,172354900.0,140.90732467853542,140.79735837298583,0.01468811292398955,0.0007810253460741756,0.19011469937901387,578.8844066451263,577.8212456055562,576.3009089394529,0.0026380952077641176
148,2024-10-29,140.26742736816374,157593600,173586700.0,205122100.0,142.976987375231,140.90732467853542,-0.018951021816932374,0.01468811292398955,-0.15373965067635326,576.1717256033711,578.8844066451263,577.8212456055562,0.0018399479902403253
149,2024-10-30,139.51754595215704,179418100,157593600.0,173586700.0,140.26742736816374,142.976987375231,-0.005346083763541675,-0.018951021816932374,-0.09213321066648539,577.6025371982813,576.1717256033711,578.8844066451263,-0.0046860495992219284
150,2024-10-31,137.57788081150406,270039600,179418100.0,157593600.0,139.51754595215704,140.26742736816374,-0.01390266096938174,-0.005346083763541675,0.1384859537443145,571.9089227933508,577.6025371982813,576.1717256033711,0.002483307547609793
151,2024-11-01,134.67833522595924,207127800,270039600.0,179418100.0,137.57788081150406,139.51754595215704,-0.021075666876403568,-0.01390266096938174,0.5050856073049486,567.6958554782392,571.9089227933508,577.6025371982813,-0.009857322359676483
152,2024-11-04,137.18793904541485,187528200,207127800.0,270039600.0,134.67833522595924,137.57788081150406,0.018634057328114937,-0.021075666876403568,-0.23297249736705283,567.5566780058409,567.6958554782392,571.9089227933508,-0.007366675264540237
153,2024-11-05,137.4278859649573,160537400,187528200.0,207127800.0,137.18793904541485,134.67833522595924,0.001749038007364694,0.018634057328114937,-0.09462563692560824,567.1195331390961,567.5566780058409,567.6958554782392,-0.00024516203712818615
154,2024-11-06,142.93699575896497,242043900,160537400.0,187528200.0,137.4278859649573,137.18793904541485,0.04008727744973405,0.001749038007364694,-0.14392928636866348,585.4624164691394,567.1195331390961,567.5566780058409,-0.00077022240013235
155,2024-11-07,146.3664587614797,207323300,242043900.0,160537400.0,142.93699575896497,137.4278859649573,0.023992829738060505,0.04008727744973405,0.5077103528523571,589.3178674732238,585.4624164691394,567.1195331390961,0.03234394560263602
156,2024-11-08,148.7460628790407,175665800,207323300.0,242043900.0,146.3664587614797,142.93699575896497,0.016257851270685103,0.023992829738060505,-0.14344753162546134,592.3881801994943,589.3178674732238,585.4624164691394,0.006585309143046708
157,2024-11-11,148.65608145399648,182325600,175665800.0,207323300.0,148.7460628790407,146.3664587614797,-0.000604933154549355,0.016257851270685103,-0.1526962960747779,596.0051192162604,592.3881801994943,589.3178674732238,0.005209943386639233
158,2024-11-12,146.7563770410738,198634700,182325600.0,175665800.0,148.65608145399648,148.7460628790407,-0.012779190695340477,-0.000604933154549355,0.037911761993512684,594.8822634508298,596.0051192162604,592.3881801994943,0.006105690723856158
159,2024-11-13,149.04601231096433,191903300,198634700.0,182325600.0,146.7563770410738,148.65608145399648,0.01560160666305984,-0.012779190695340477,0.0894504117907743,593.5805842924092,594.8822634508298,596.0051192162604,-0.0018839700016455025
160,2024-11-14,147.6162371498861,194463300,191903300.0,198634700.0,149.04601231096433,146.7563770410738,-0.009592844108403204,0.01560160666305984,-0.03388833874443891,593.5309074092812,593.5805842924092,594.8822634508298,-0.002188129044005677
161,2024-11-15,144.8466877533126,250132900,194463300.0,191903300.0,147.6162371498861,149.04601231096433,-0.01876182085417446,-0.009592844108403204,0.013340051994937034,585.979088998431,593.5309074092812,593.5805842924092,-8.36902089497937e-05
162,2024-11-18,139.47755210471132,221866000,250132900.0,194463300.0,144.8466877533126,147.6162371498861,-0.037067714366692484,-0.01876182085417446,0.28627303969437934,582.5012570573457,585.979088998431,593.5309074092812,-0.012723547024388826
163,2024-11-19,141.2972716123141,227834900,221866000.0,250132900.0,139.47755210471132,144.8466877533126,0.013046683714642727,-0.037067714366692484,-0.11300752519960389,581.0009140487828,582.5012570573457,585.979088998431,-0.005935078582803605
164,2024-11-20,147.38629113505743,309871700,227834900.0,221866000.0,141.2972716123141,139.47755210471132,0.043093680813951984,0.013046683714642727,0.02690317579079264,586.6349774878298,581.0009140487828,582.5012570573457,-0.0025756905936002664
165,2024-11-21,149.32598496889756,400946600,309871700.0,227834900.0,147.38629113505743,141.2972716123141,0.013160612285593683,0.043093680813951984,0.36007126212884855,589.6358067130162,586.6349774878298,581.0009140487828,0.009697167943825299
166,2024-11-22,145.90650981286518,236406200,400946600.0,309871700.0,149.32598496889756,147.38629113505743,-0.022899397963084614,0.013160612285593683,0.29391164149549637,589.8940600229174,589.6358067130162,586.6349774878298,0.005115326123302394
167,2024-11-25,141.9671640146257,344941900,236406200.0,400946600.0,145.90650981286518,149.32598496889756,-0.02699910924668104,-0.022899397963084614,-0.41037983611782713,595.7169296044814,589.8940600229174,589.6358067130162,0.00043798783411891395
168,2024-11-26,137.6778530821544,190287700,344941900.0,236406200.0,141.9671640146257,145.90650981286518,-0.03021340154424303,-0.02699910924668104,0.45910682545550835,595.0014818573266,595.7169296044814,589.8940600229174,0.009871042914617153
169,2024-11-27,134.98827330747284,226370900,190287700.0,344941900.0,137.6778530821544,141.9671640146257,-0.019535311703884936,-0.03021340154424303,-0.4483485479728615,596.6509759062111,595.0014818573266,595.7169296044814,-0.001200986091884007
170,2024-11-29,136.75800311530705,141863200,226370900.0,190287700.0,134.98827330747284,137.6778530821544,0.013110248501387707,-0.019535311703884936,0.18962444761274638,595.8559795360102,596.6509759062111,595.0014818573266,0.0027722520013489234
171,2024-12-02,138.8076612979231,171682800,141863200.0,226370900.0,136.75800311530705,134.98827330747284,0.014987482530641222,0.013110248501387707,-0.37331520968463705,599.1449950712815,595.8559795360102,596.6509759062111,-0.0013324311906026064
172,2024-12-03,138.23776359782383,164414000,171682800.0,141863200.0,138.8076612979231,136.75800311530705,-0.004105664592072401,0.014987482530641222,0.21019968533065658,599.5624413961492,599.1449950712815,595.8559795360102,0.005519816278142388
173,2024-12-04,141.97715912549498,231224300,164414000.0,171682800.0,138.23776359782383,138.8076612979231,0.02705046313213082,-0.004105664592072401,-0.04233854527069689,601.7881458096479,599.5624413961492,599.1449950712815,0.0006967367303435765
174,2024-12-05,145.0966598316491,172621200,231224300.0,164414000.0,141.97715912549498,138.23776359782383,0.021971849030989348,0.02705046313213082,0.4063540817691924,603.8053020406198,601.7881458096479,599.5624413961492,0.003712214541517714
175,2024-12-06,144.58670004061705,188505600,172621200.0,231224300.0,145.0966598316491,141.97715912549498,-0.0035146211609815782,0.021971849030989348,-0.2534469776749243,603.5866976555247,603.8053020406198,601.7881458096479,0.0033519374634043155
176,2024-12-09,138.9572148926683,189308600,188505600.0,172621200.0,144.58670004061705,145.0966598316491,-0.03893501370712048,-0.0035146211609815782,0.09201882503423682,603.8351542148879,603.5866976555247,603.8053020406198,-0.0003620444940716747
177,2024-12-10,138.99721154250668,210020900,189308600.0,188505600.0,138.9572148926683,144.58670004061705,0.0002878342795605515,-0.03893501370712048,0.004259820397908603,601.5298397758172,603.8351542148879,603.5866976555247,0.0004116335902169704
178,2024-12-11,137.3473626393387,184905200,210020900.0,189308600.0,138.99721154250668,138.9572148926683,-0.011869654684859806,0.0002878342795605515,0.10941024338038526,601.9372318289047,601.5298397758172,603.8351542148879,-0.00381778772398251
179,2024-12-12,137.0673914713081,159211400,184905200.0,210020900.0,137.3473626393387,138.99721154250668,-0.0020384167751789396,-0.011869654684859806,-0.11958666970763386,602.7321871244142,601.9372318289047,601.5298397758172,0.0006772599231973858
180,2024-12-13,138.92722683278515,231514900,159211400.0,184905200.0,137.0673914713081,137.3473626393387,0.013568766002717478,-0.0020384167751789396,-0.13895661127972606,602.5533073597338,602.7321871244142,601.9372318289047,0.0013206614468656297
181,2024-12-16,134.16764608739564,237951100,231514900.0,159211400.0,138.92722683278515,137.0673914713081,-0.0342595246007337,0.013568766002717478,0.45413519383662226,602.1558291096032,602.5533073597338,602.7321871244142,-0.0002967815034630333
182,2024-12-17,129.07812250532473,259410300,237951100.0,231514900.0,134.16764608739564,138.92722683278515,-0.037934060337882346,-0.0342595246007337,0.02780037051610933,600.3573236481737,602.1558291096032,602.5533073597338,-0.0006596565735772728
183,2024-12-18,133.84768927135005,277444500,259410300.0,237951100.0,129.07812250532473,134.16764608739564,0.036951008222393125,-0.037934060337882346,0.09018323512688112,600.1486460207312,600.3573236481737,602.1558291096032,-0.002986777466040504
184,2024-12-19,131.7478712095932,209719200,277444500.0,259410300.0,133.84768927135005,129.07812250532473,-0.015688115896419236,0.036951008222393125,0.06951998436453757,587.6087232382334,600.1486460207312,600.3573236481737,-0.0003475890427628112
185,2024-12-20,129.7980572196654,306528600,209719200.0,277444500.0,131.7478712095932,133.84768927135005,-0.014799586300911927,-0.015688115896419236,-0.2441039559263204,580.0252023798975,587.6087232382334,600.1486460207312,-0.02089469478210674
186,2024-12-23,136.2674627166313,176053500,306528600.0,209719200.0,129.7980572196654,131.7478712095932,0.049842082659352215,-0.014799586300911927,0.46161438723779225,589.1178420766572,580.0252023798975,587.6087232382334,-0.012905732264395623
187,2024-12-24,139.98712655305678,105157000,176053500.0,306528600.0,136.2674627166313,129.7980572196654,0.027296786498186672,0.049842082659352215,-0.42565391940588904,594.2723074608894,589.1178420766572,580.0252023798975,0.01567628382258532
188,2024-12-26,139.68715493157526,116205600,105157000.0,176053500.0,139.98712655305678,136.2674627166313,-0.002142851481188345,0.027296786498186672,-0.4026986115016174,597.7019907423149,594.2723074608894,589.1178420766572,0.008749464056397446
189,2024-12-27,138.53725762424156,170582600,116205600.0,105157000.0,139.68715493157526,139.98712655305678,-0.00823194736765146,-0.002142851481188345,0.10506766073585211,595.7478442826339,597.7019907423149,594.2723074608894,0.005771231871933219
190,2024-12-30,134.81759702407376,167734700,170582600.0,116205600.0,138.53725762424156,139.68715493157526,-0.026849532493682944,-0.00823194736765146,0.4679378618586368,586.1268440800185,595.7478442826339,597.7019907423149,-0.0032694327439902063
191,2024-12-31,138.0173106258272,155659200,167734700.0,170582600.0,134.81759702407376,138.53725762424156,0.0237336495560152,-0.026849532493682944,-0.016695137722135787,588.1407350043717,586.1268440800185,595.7478442826339,-0.01614945030006858
192,2025-01-02,135.98748671158143,198247200,155659200.0,167734700.0,138.0173106258272,134.81759702407376,-0.014707024104742556,0.0237336495560152,-0.07199166302500318,587.6223507588766,588.1407350043717,586.1268440800185,0.003435930199569974
193,2025-01-03,139.99711439640743,229322500,198247200.0,155659200.0,135.98748671158143,138.0173106258272,0.029485269430194704,-0.014707024104742556,0.2735977057571926,585.7678951902626,587.6223507588766,588.1407350043717,-0.000881394902006313
194,2025-01-06,148.57632545203526,265377400,229322500.0,198247200.0,139.99711439640743,135.98748671158143,0.06128134206634758,0.029485269430194704,0.1567502592722621,594.4817066914783,585.7678951902626,587.6223507588766,-0.003155862887480449
195,2025-01-07,153.0159191493047,351782200,265377400.0,229322500.0,148.57632545203526,139.99711439640743,0.029880895787146516,0.06128134206634758,0.15722356070599267,595.6282397198856,594.4817066914783,585.7678951902626,0.014875877583535625
196,2025-01-08,142.5668963792699,227349900,351782200.0,265377400.0,153.0159191493047,148.57632545203526,-0.06828716141514135,0.029880895787146516,0.32559215667950625,586.9343761474076,595.6282397198856,594.4817066914783,0.0019286262562867803
197,2025-01-10,137.43735839735214,207602500,227349900.0,351782200.0,142.5668963792699,153.0159191493047,-0.035979867081287115,-0.06828716141514135,-0.3537197163472171,584.1228111122192,586.9343761474076,595.6282397198856,-0.014596123878489338
198,2025-01-13,129.97805065881337,204808900,207602500.0,227349900.0,137.43735839735214,142.5668963792699,-0.0542742368270262,-0.035979867081287115,-0.08685906613550302,574.0431617233518,584.1228111122192,586.9343761474076,-0.004790254497689051
199,2025-01-14,136.0374931021696,195590500,204808900.0,207602500.0,129.97805065881337,137.43735839735214,0.04661896691512939,-0.0542742368270262,-0.01345648535060994,582.6073834279746,574.0431617233518,584.1228111122192,-0.017256044785641796
200,2025-01-15,133.63770458598145,185217300,195590500.0,204808900.0,136.0374931021696,129.97805065881337,-0.017640640543014237,0.04661896691512939,-0.04500976275933321,588.5595329953718,582.6073834279746,574.0431617233518,0.014919125033929346
201,2025-01-16,138.6272498193542,209235600,185217300.0,195590500.0,133.63770458598145,136.0374931021696,0.0373363583939929,-0.017640640543014237,-0.053035295681538724,592.3879811065466,588.5595329953718,582.6073834279746,0.010216399133796858
202,2025-01-17,136.67743145335606,201188800,209235600.0,185217300.0,138.6272498193542,133.63770458598145,-0.014065188255115484,0.0373363583939929,0.12967633153058597,595.1696451072651,592.3879811065466,588.5595329953718,0.006504776316663448
203,2025-01-21,139.14720257048143,197749000,201188800.0,209235600.0,136.67743145335606,138.6272498193542,0.01807007265839804,-0.014065188255115484,-0.0384580826589739,598.8684661853716,595.1696451072651,592.3879811065466,0.004695679334213518
204,2025-01-22,144.64670591256592,237651400,197749000.0,201188800.0,139.14720257048143,136.67743145335606,0.039522917029531104,0.01807007265839804,-0.017097373213618254,604.1026949074611,598.8684661853716,595.1696451072651,0.0062147340821455
205,2025-01-23,145.03666800279981,155915500,237651400.0,197749000.0,144.64670591256592,139.14720257048143,0.0026959624678187474,0.039522917029531104,0.2017830684352386,603.9830991440912,604.1026949074611,598.8684661853716,0.008740197585339714
206,2025-01-24,148.35634349735062,234657600,155915500.0,237651400.0,145.03666800279981,144.64670591256592,0.02288852564157585,0.0026959624678187474,-0.34393191035272674,607.981053651763,603.9830991440912,604.1026949074611,-0.0001979725705217451
207,2025-01-27,124.78852130861458,818830900,234657600.0,155915500.0,148.35634349735062,145.03666800279981,-0.15885955149034073,0.02288852564157585,0.5050306095288795,593.0260663058995,607.981053651763,603.9830991440912,0.00661931519828508
208,2025-01-28,121.79880142784785,579666400,818830900.0,234657600.0,124.78852130861458,148.35634349735062,-0.023958292392718156,-0.15885955149034073,2.4894710420629886,598.818642579001,593.0260663058995,607.981053651763,-0.024597785171163202
209,2025-01-29,126.48836708502724,467120600,579666400.0,818830900.0,121.79880142784785,124.78852130861458,0.03850255997763187,-0.023958292392718156,-0.29208045275282113,601.9093107246936,598.818642579001,593.0260663058995,0.009767827423143248
210,2025-01-30,123.08867408422283,392925500,467120600.0,579666400.0,126.48836708502724,121.79880142784785,-0.02687751513559412,0.03850255997763187,-0.19415615602353353,602.1486247469728,601.9093107246936,598.818642579001,0.00516127576185945
211,2025-01-31,123.76861793270326,390372900,392925500.0,467120600.0,123.08867408422283,126.48836708502724,0.0055240163527570845,-0.02687751513559412,-0.15883499892747183,605.6779717570167,602.1486247469728,601.9093107246936,0.0003975914942919115
212,2025-02-03,114.7394486968032,371235700,390372900.0,392925500.0,123.76861793270326,123.08867408422283,-0.07295200824501008,0.0055240163527570845,-0.006496396899666731,590.8924323868896,605.6779717570167,602.1486247469728,0.005861255618622359
213,2025-02-04,116.94924444838958,256550000,371235700.0,390372900.0,114.7394486968032,123.76861793270326,0.019259250211544305,-0.07295200824501008,-0.049022870183867785,596.0369934393696,590.8924323868896,605.6779717570167,-0.0244115521111584
214,2025-02-05,121.74880228526035,262230800,256550000.0,371235700.0,116.94924444838958,114.7394486968032,0.041039665194150525,0.019259250211544305,-0.3089296099486122,598.8385569367734,596.0369934393696,590.8924323868896,0.008706425688510988
215,2025-02-06,127.40827329026631,251483600,262230800.0,256550000.0,121.74880228526035,116.94924444838958,0.04648481873148681,0.041039665194150525,0.02214305203664003,604.172498579845,598.8385569367734,596.0369934393696,0.004700318148438672
216,2025-02-07,129.20811063964976,228186300,251483600.0,262230800.0,127.40827329026631,121.74880228526035,0.01412653435215306,0.04648481873148681,-0.04098374409108312,605.0698408193554,604.172498579845,598.8385569367734,0.008907144640712706
217,2025-02-10,130.0780330404282,216989100,228186300.0,251483600.0,129.20811063964976,127.40827329026631,0.0067327228644693034,0.01412653435215306,-0.09263944050427145,602.2184015940107,605.0698408193554,604.172498579845,0.001485241783794664
218,2025-02-11,132.56781502240796,178902400,216989100.0,228186300.0,130.0780330404282,129.20811063964976,0.01914067981951974,0.0067327228644693034,-0.0490704306086737,600.7428358535425,602.2184015940107,605.0698408193554,-0.004712578669403426
219,2025-02-12,130.00805277951918,160278600,178902400.0,216989100.0,132.56781502240796,130.0780330404282,-0.019309077715855116,0.01914067981951974,-0.17552356316515438,597.4029183001364,600.7428358535425,602.2184015940107,-0.002450216958768751
220,2025-02-13,131.54790450828392,197430000,160278600.0,178902400.0,130.00805277951918,132.56781502240796,0.011844279610711357,-0.019309077715855116,-0.10410033627273865,602.6670517126223,597.4029183001364,600.7428358535425,-0.005559646081606049
221,2025-02-14,136.46744211776974,195479600,197430000.0,160278600.0,131.54790450828392,130.00805277951918,0.037397308819738885,0.011844279610711357,0.23179264106374775,608.1106693810499,602.6670517126223,597.4029183001364,0.00881169684852655
222,2025-02-18,141.25701494818574,219176600,195479600.0,197430000.0,136.46744211776974,131.54790450828392,0.035096816911704576,0.037397308819738885,-0.009878944436002634,609.0478499794664,608.1106693810499,602.6670517126223,0.009032545670048228
223,2025-02-19,139.49716663707372,167536000,219176600.0,195479600.0,141.25701494818574,136.46744211776974,-0.012458484357449789,0.035096816911704576,0.12122492577230565,608.2502469503253,609.0478499794664,608.1106693810499,0.0015411349374454735
224,2025-02-20,140.01712771481476,143903600,167536000.0,219176600.0,139.49716663707372,141.25701494818574,0.003727395260247929,-0.012458484357449789,-0.23561183082500595,609.705871640604,608.2502469503253,609.0478499794664,-0.0013095900907752836
225,2025-02-21,140.02711787829398,228217600,143903600.0,167536000.0,140.01712771481476,139.49716663707372,7.134958159950228e-05,0.003727395260247929,-0.1410586381434438,608.3300054050101,609.705871640604,608.2502469503253,0.0023931345652171364
226,2025-02-24,136.5474420161462,251381100,228217600.0,143903600.0,140.02711787829398,140.01712771481476,-0.02485001416062982,7.134958159950228e-05,0.5859061204862144,600.2144558088706,608.3300054050101,609.705871640604,-0.0022566065042012667
227,2025-02-25,129.96804527013506,271428700,251381100.0,228217600.0,136.5474420161462,140.02711787829398,-0.048183961917303,-0.02485001416062982,0.10149743052244875,595.3590701652774,600.2144558088706,608.3300054050101,-0.013340702454313942
228,2025-02-26,129.97805439122038,322553800,271428700.0,251381100.0,129.96804527013506,136.5474420161462,7.701216914137811e-05,-0.048183961917303,0.07974983003893292,594.1426816591761,595.3590701652774,600.2144558088706,-0.008089418034842066
229,2025-02-27,134.9875872324259,443175800,322553800.0,271428700.0,129.97805439122038,129.96804527013506,0.03854137427020838,7.701216914137811e-05,0.188355542357901,595.0598849968359,594.1426816591761,595.3590701652774,-0.002043117451395605
230,2025-02-28,118.00914142194866,389091100,443175800.0,322553800.0,134.9875872324259,129.97805439122038,-0.1257778300848005,0.03854137427020838,0.37395932089468487,583.8038068836951,595.0598849968359,594.1426816591761,0.001543742548672703
231,2025-03-03,123.49864257535764,411381400,389091100.0,443175800.0,118.00914142194866,134.9875872324259,0.046517592512438886,-0.1257778300848005,-0.12203892902094383,594.3919179487391,583.8038068836951,595.0598849968359,-0.018915874514378758
232,2025-03-04,110.63982667322061,398163300,411381400.0,389091100.0,123.49864257535764,118.00914142194866,-0.10412111124452808,0.046517592512438886,0.05728812609694747,577.9713716824587,594.3919179487391,583.8038068836951,0.018136420044197094
233,2025-03-05,117.56918811598004,284337900,398163300.0,411381400.0,110.63982667322061,123.49864257535764,0.06262990146600275,-0.10412111124452808,-0.032131010298472415,574.9603891205771,577.9713716824587,594.3919179487391,-0.027625789938308956
234,2025-03-06,113.51955654224739,321181900,284337900.0,398163300.0,117.56918811598004,110.63982667322061,-0.03444466733697064,0.06262990146600275,-0.2858761719123787,573.7540215413394,574.9603891205771,577.9713716824587,-0.005209570420618988
235,2025-03-07,111.2397716760376,341755500,321181900.0,284337900.0,113.51955654224739,117.56918811598004,-0.020082749930064578,-0.03444466733697064,0.1295782236557279,569.187785314308,573.7540215413394,574.9603891205771,-0.002098175112694143
236,2025-03-10,109.88989097369002,366487400,341755500.0,321181900.0,111.2397716760376,113.51955654224739,-0.012134874802501696,-0.020082749930064578,0.06405591348703024,565.8877282348667,569.187785314308,573.7540215413394,-0.007958525876236263
237,2025-03-11,106.98015850635034,354865700,366487400.0,341755500.0,109.88989097369002,111.2397716760376,-0.026478618201890215,-0.012134874802501696,0.07236723329982984,557.7222898220398,565.8877282348667,569.187785314308,-0.005797835379793023
238,2025-03-12,114.12000274658203,323857500,354865700.0,366487400.0,106.98015850635034,109.88989097369002,0.06673989214371817,-0.026478618201890215,-0.03171104927481818,560.483938216931,557.7222898220398,565.8877282348667,-0.014429431856203679
239,2025-03-13,117.02999877929688,299033100,323857500.0,354865700.0,114.12000274658203,106.98015850635034,0.025499438859783938,0.06673989214371817,-0.0873800990064692,556.8149774056806,560.483938216931,557.7222898220398,0.00495165505357956
240,2025-03-14,118.61000061035156,277593500,299033100.0,323857500.0,117.02999877929688,114.12000274658203,0.013500827544520122,0.025499438859783938,-0.07665223130543526,554.442091848548,556.8149774056806,560.483938216931,-0.006546058791483945
241,2025-03-17,122.73999786376953,255501500,277593500.0,299033100.0,118.61000061035156,117.02999877929688,0.03481997497821046,0.013500827544520122,-0.071696410865553,561.1020658506349,554.442091848548,556.8149774056806,-0.004261533280208006
242,2025-03-18,118.0,299686900,255501500.0,277593500.0,122.73999786376953,118.61000061035156,-0.03861820063766423,0.03481997497821046,-0.07958399602296164,563.1060336846033,561.1020658506349,554.442091848548,0.012012028127016943
243,2025-03-19,117.2699966430664,273426200,299686900.0,255501500.0,118.0,122.73999786376953,-0.0061864691265558795,-0.03861820063766423,0.17293597102169656,561.141985813832,563.1060336846033,561.1020658506349,0.003571485396209336
244,2025-03-20,116.55000305175781,248829700,273426200.0,299686900.0,117.2699966430664,118.0,-0.0061396231936462955,-0.0061864691265558795,-0.08762712017108522,561.6405112658884,561.141985813832,563.1060336846033,-0.0034878828378375657
245,2025-03-21,116.94000244140625,266498500,248829700.0,273426200.0,116.55000305175781,117.2699966430664,0.003346198021764492,-0.0061396231936462955,-0.08995663180777848,559.280029296875,561.6405112658884,561.141985813832,0.0008884123174876162
246,2025-03-24,119.87999725341797,228452500,266498500.0,248829700.0,116.94000244140625,116.55000305175781,0.025141053109562123,0.003346198021764492,0.07100760078077496,570.7999877929688,559.280029296875,561.6405112658884,-0.004202834235894291
247,2025-03-25,120.55000305175781,167077800,228452500.0,266498500.0,119.87999725341797,116.94000244140625,0.005588970751504925,0.025141053109562123,-0.14276252962024177,575.2999877929688,570.7999877929688,559.280029296875,0.020597836312118284
248,2025-03-26,118.75499725341797,244125095,167077800.0,228452500.0,120.55000305175781,119.87999725341797,-0.014890134822884765,0.005588970751504925,-0.2686540965846292,575.1900024414062,575.2999877929688,570.7999877929688,0.007883672207842035
